id,id_number,tree_number,unit,plot,species,location,missing,leaf_d13c,lead_percent_c,leaf_d15n,leaf_percent_n,leaf_sample_weight,leaf_lab_id,leaf_plate_pos,Comments,distance_to_edge_m,...16,soil_d13c,soil_percent_c,soil_d15n,soil_percent_n,soil_sample_weight,soil_lab_id,soil_plate_pos,g_id_number,duplicate
129,129,17,2,5,ACRU,center,,-30.94,50.35,1.94,1.54,2.523,G-86478,"plate 3, E7",NA,11,NA,-25.53,24.31,2.77,1.17,13.44,G-86815,plate3_H2,NA,FALSE
130,130,19,2,5,ACRU,center,,-32.295,49.225,-3.325,1.485,2.561,G-86489 and G-86490,"plate 3, F6 and plate 3, F7",NA,12,NA,-24.89,6.89,2.55,0.38,13.87,G-86814,plate3_H1,NA,FALSE
132,132,4,2,5,ACRU,edge,,-30.35,49.5,-3.48,2.15,2.686,G-86491,"plate 3, F8",NA,7.8,NA,-24.46,7.3,3.62,0.35,13.48,G-86831,plate4_A6,NA,FALSE
131,131 and 131_DUP,10,2,5,ACRU,edge,,-28.72,49.65,-0.54,1.47,2.582,G-86509,"plate 3, H2",NA,6.8,NA,-24.32,4.365,4.53,0.245,14.32,G-86835 and G-86836,plate4_A10 and plate4_A11,NA,TRUE
134,134,12,2,5,ACSA,center,,-31.35,48.32,2.25,0.99,1.557,G-86306,"plate 1, G3",NA,11.5,NA,-24.53,6.93,3.7,0.32,13.43,G-86820,plate3_H7,NA,FALSE
133,133,17,2,5,ACSA,center,,-29.66,49.31,0.47,1.34,2.179,G-86245,"plate 1, B2",NA,13,NA,-25.32,8.88,3.66,0.44,13.64,G-86809,plate3_G8,NA,FALSE
136,136,1,2,5,ACSA,edge,x,NA,NA,NA,NA,NA,NA,NA,NA,3.5,NA,-23.84,6.85,4.19,0.33,13.33,G-86816,plate3_H3,NA,FALSE
135,135,5,2,5,ACSA,edge,,NA,NA,NA,NA,NA,NA,NA,NA,3.96,NA,-24.2,6.49,4.16,0.34,14.01,G-86840,plate4_B3,NA,FALSE
NA,NA,5,2,5,ASCA,NA,fixed,-31.25,49.51,-1.78,1.42,2.99,G-86532,"plate 4, B1",NA,NA,NA,NA,NA,NA,NA,NA,NA,NA,NA,NA
NA,NA,5,2,5,ASCA,NA,fixed,-31.21,49.3,-2.46,1.44,2.222,G-86533,"plate 4, B2",NA,NA,NA,NA,NA,NA,NA,NA,NA,NA,NA,NA
145,145,2,2,5,BELE,center,dead,NA,NA,NA,NA,NA,NA,NA,NA,/,dead,-26.18,12.88,3.05,0.66,14.03,G-86828,plate4_A3,NA,FALSE
146,146,18,2,5,BELE,center,,-31.24,47.365,1.55,1.96,2.608,G-86422 and G-86423,"plate 2, H11 and plate 2, H12",NA,6.7,NA,-26.53,17.28,3.3,0.8,13.98,G-86808,plate3_G7,NA,FALSE
147,147,4,2,5,BELE,edge,,-32.65,45.95,0.54,1.74,2.433,G-86387,"plate 2, E12",NA,2.36,NA,-22.81,4.59,5.13,0.23,14.78,G-86827,plate4_A2,NA,FALSE
148,148,19,2,5,BELE,edge,,-29.38,47.64,0.01,1.84,2.627,G-86407,"plate 2, G8",NA,4.262,NA,-25.43,11.6,4.04,0.48,14.73,G-86806,plate3_G5,NA,FALSE
NA,NA,16,2,5,BELE,NA,Maybe mislabeled?,-31.19,47.93,0.29,2.67,2.723,G-86409,"plate 2, G10",NA,NA,NA,NA,NA,NA,NA,NA,NA,NA,NA,NA
150,150_Dup? and 150,13,2,5,CACO,center,,-32.66,45.4,3.31,2.48,2.197,G-86469,"plate 3, D10",NA,11.5,NA,-25.595,14.475,2.49,0.935,14.065,G-86826 and G-86738,NA,NA,NA
149,149,15,2,5,CACO,center,,-29.235,47.92,2.48,2.075,2.467,G-86474 and G-86475,"plate 3, E3 and plate 3, E4",NA,10,duplicate,-24.075,6.845,4.53,0.34,14.875,G-86686,NA,NA,NA
152,152 and 152_DUP and 152_Dup?,1,2,5,CACO,edge,,-30.22,46.89,1.26,1.51,2.528,G-86440,"plate 3, B5",NA,4.2,duplicate,-25.74333333,9.886666667,2.946666667,0.52,13.98333333,G-86716 and G-86717 and G-86832,plate2_G10 and plate2_G11 and plate4_A7,NA,TRUE
151,151,2,2,5,CACO,edge,,-31.18,45.51,3.06,1.96,2.718,G-86456,"plate 3, C9",NA,3.576,NA,-25.66,10.68,3.67,0.44,13.81,G-86810,plate3_G9,NA,FALSE
138,138,14,2,5,NYSY,center,,-31.5,47.23,0.12,1.82,2.777,G-86374,"plate 2, D11",NA,12,NA,-26.44,10.91,2.44,0.61,13.42,G-86829,plate4_A4,NA,FALSE
137,137,19,2,5,NYSY,center,,-32.64,47.09,2.02,1.98,2.243,G-86352,"plate 2, C1",NA,13.5,NA,-23.83,6.24,4.27,0.3,13.32,G-86819,plate3_H6,NA,FALSE
139,139,1,2,5,NYSY,edge,,-32.475,47.205,0.04,1.59,2.4495,G-86378 and G-86379,"plate 2, E3 and plate 2, E4",NA,4.1,NA,-23.48,5.55,5.14,0.24,14.73,G-86821,plate3_H8,NA,FALSE
140,140,11,2,5,NYSY,edge,,-34.01,46.5,1.09,2.25,2.054,G-86351,"plate 2, B12",NA,7.57,NA,-23.81,4.67,4.54,0.26,14.79,G-86830,plate4_A5,NA,FALSE
141,141,8,2,5,PRSE,center,,-27.97,48.98,0.26,1.67,2.653,G-86275,"plate 1, D8",NA,10,NA,-25.01,7.02,3.93,0.35,13.42,G-86807,plate3_G6,NA,FALSE
142,142,10,2,5,PRSE,center,,-29.09,48.92,-1.84,2.29,2.885,G-86262,"plate 1, C7",NA,13,NA,-26.37,18.68,3.5,1,14.29,G-86818,plate3_H5,NA,FALSE
144,144 and 144_DUP,11,2,5,PRSE,edge,x,NA,NA,NA,NA,NA,NA,NA,NA,6.25,NA,-28.23,34.74,4.325,1.755,14.16,G-86811 and G-86812,plate3_G10 and plate3_G11,NA,TRUE
143,143,13,2,5,PRSE,edge,x,NA,NA,NA,NA,NA,NA,NA,NA,3.43,NA,-24.07,6.56,4.18,0.28,14.11,G-86841,plate4_B4,NA,FALSE
154,154,6,2,5,QURU,center,,-29.465,47.295,2.02,2.435,2.8845,G-86255 and G-86256,"plate 1, B12 and plate 1, C1",NA,9.53,NA,-24.18,5.62,4.14,0.22,14.85,G-86833,plate4_A8,NA,FALSE
153,153 and 153_DUP,8,2,5,QURU,center,,-29.22,49.13,4.54,3.11,2.933,G-86298,"plate 1, F7",NA,11,NA,-23.825,5.25,4.53,0.24,13.78,G-86823 and G-86824,plate3_H10 and plate3_H11,NA,TRUE
156,156,9,2,5,QURU,edge,,NA,NA,NA,NA,NA,NA,NA,NA,4.62,NA,-24.05,6.36,5.52,0.31,13.91,G-86822,plate3_H9,NA,FALSE
155,155,15,2,5,QURU,edge,,-29.24,48.57,1.24,2.9,2.796,G-86247,"plate 1, B4",NA,4.5,NA,-25.81,8.7,2.88,0.46,13.53,G-86834,plate4_A9,NA,FALSE
158,158,2,2,5,TIAM,center,x,NA,NA,NA,NA,NA,NA,NA,NA,9.5,NA,-25.35,7.44,3.62,0.31,13.39,G-86774,plate3_D9,NA,FALSE
157,157 and 157_Dup?,19,2,5,TIAM,center,x,NA,NA,NA,NA,NA,NA,NA,NA,11.5,NA,-25.855,15.585,3.93,0.76,14.245,G-86699 and G-86783,plate2_F5 and plate3_E6,NA,TRUE
160,160,12,2,5,TIAM,edge,x,NA,NA,NA,NA,NA,NA,NA,NA,5.5,NA,-24.89,6.45,3.78,0.26,13.27,G-86772,plate3_D6,NA,FALSE
159,159,16,2,5,TIAM,edge,x,NA,NA,NA,NA,NA,NA,NA,NA,10.19,NA,-24.46,5.05,4.47,0.26,13.45,G-86779,plate3_E2,NA,FALSE
97,97,19,2,9,ACRU,center,,-30.86,49.19,-1.19,1.86,2.701,G-86495,"plate 3, F12",NA,13.77,NA,-22.94,4.32,5.72,0.26,13.61,G-86643,plate2_A9,NA,FALSE
98,98,20,2,9,ACRU,center,,-31.11,49.05,-0.68,1.74,2.315,G-86496,"plate 3, G1",NA,12.28,NA,-25.76,13.635,3.595,0.97,14.13,G-86668,NA,NA,NA
100,100,11,2,9,ACRU,edge,,-31.98,49.2,-1.98,2.2,2.396,G-86498,"plate 3, G3",NA,7.8,NA,-24.55,7.12,4.62,0.53,14.9,G-86659,plate2_C1,NA,FALSE
99,99,15,2,9,ACRU,edge,,-30.46,49.38,-1.38,1.9,2.476,G-86497,"plate 3, G2",NA,5.2,NA,-25.1,7.59,4.73,0.53,14.59,G-86671,plate2_D1,NA,FALSE
102,102,9,2,9,ACSA,center,,-32.81,47.88,2.09,1.57,1.568,G-86241,"plate 1, A10",NA,11.6,NA,-25.26,9.96,4.01,0.72,13.72,G-86676,plate2_D6,NA,FALSE
101,101,14,2,9,ACSA,center,,-31.66,46.33,-0.45,2.02,1.108,G-86254,"plate 1, B11",NA,12,NA,-26.66,10.88,1.94,0.67,14.12,G-86642,plate2_A8,NA,FALSE
104,104,8,2,9,ACSA,edge,,-31.79,48.03,-4.11,1.23,2.047,G-86534,"plate 4, B3",NA,4.145,NA,-25.08,12.37,4.67,0.86,14.19,G-86655,plate2_B9,NA,FALSE
103,103 and 103_DUP,17,2,9,ACSA,edge,,-30.89,47.89,-2.2,1.09,1.505,G-86296,"plate 1, F5",NA,2.513,NA,-25.64,15.155,4.865,1.145,14.265,G-86656 and G-86657,plate2_B10 and plate2_B11,NA,TRUE
113,113 and 113_DUP,14,2,9,BELE,center,,-32.08,47,-0.51,1.96,2.518,G-86420,"plate 2, H9",NA,7.7,NA,-26.055,14.23,5.025,0.93,14.41,G-86644 and G-86645,plate2_A10 and plate2_A11,NA,TRUE
114,114,17,2,9,BELE,center,,-32.01,48.2,2.22,1.84,2.681,G-86414,"plate 2, H3",NA,7.462,NA,-26.26,15.5,4.48,1.16,13.86,G-86648,plate2_B2,NA,FALSE
116,116,13,2,9,BELE,edge,,-31.72,47.09,1.65,2.33,2.053,G-86381,"plate 2, E6",NA,9.6,NA,-25.53,10.43,3.44,0.77,14.32,G-86677,plate2_D7,NA,FALSE
115,115,15,2,9,BELE,edge,,-32.45,47.05,0.7,2.19,2.362,G-86421,"plate 2, H10",NA,3.979,NA,-25.35,14.34,4.58,0.91,13.83,G-86653,plate2_B7,NA,FALSE
118,118,16,2,9,CACO,center,fixed,NA,NA,NA,NA,NA,NA,NA,NA,8.5,NA,-25.2,10.85,2.99,0.79,13,G-86679,plate2_D9,NA,FALSE
117,117,20,2,9,CACO,center,,-32.17,45.95,0.38,2.17,2.648,G-86477,"plate 3, E6",NA,8.2,NA,-24.87,8.05,4.98,0.67,14.37,G-86675,plate2_D5,NA,FALSE
120,120,10,2,9,CACO,edge,,-30.84,47.19,1.3,1.33,2.583,G-86476,"plate 3, E5",NA,2.645,NA,-25.63,14.18,6.26,0.98,13.77,G-86683,plate2_E1,NA,FALSE
119,119,19,2,9,CACO,edge,,-33.08,44.15,-1.15,0.94,2.23,G-86468,"plate 3, D9",NA,4.666,NA,-25.84,20.99,3.53,1.35,14.56,G-86664,plate2_C6,NA,FALSE
NA,NA,16,2,9,NA,NA,fixed,-29.26,44.65,0.43,1.7,2.941,G-86470,"plate 3, D11",NA,NA,NA,NA,NA,NA,NA,NA,NA,NA,NA,NA
106,106,9,2,9,NYSY,center,,-32.62,46.3,1.2,1.87,2.511,G-86372,"plate 2, D9",NA,9.3,NA,-25.87,7.01,3.16,0.54,14.08,G-86662,plate2_C4,NA,FALSE
105,105,12,2,9,NYSY,center,,-34.72,46.28,2.82,1.84,2.013,G-86358,"plate 2, C7",NA,9.8,NA,-26.63,15.25,3.5,1.12,14.69,G-86672,plate2_D2,NA,FALSE
108,108,1,2,9,NYSY,edge,,-33.43,46.22,0.77,1.37,2.198,G-86359,"plate 2, C8",NA,5.9,NA,-23.69,5.34,5.82,0.32,14.11,G-86663,plate2_C5,NA,FALSE
107,107,6,2,9,NYSY,edge,,-32.61,46.41,-0.26,1.65,2.381,G-86373,"plate 2, D10",NA,3.147,NA,-26.14,11.87,3.55,0.82,13.2,G-86666,plate2_C8,NA,FALSE
109,109,10,2,9,PRSE,center,,-30.25,47.63,-1.47,2.7,1.716,G-86259,"plate 1, C4",NA,11.2,NA,-24.74,6.33,4.75,0.47,14.51,G-86660,plate2_C2,NA,FALSE
110,110,19,2,9,PRSE,center,x,NA,NA,NA,NA,NA,NA,NA,NA,12.6,NA,-25.94,10.24,3.52,0.72,14.3,G-86667,plate2_C9,NA,FALSE
112,112,3,2,9,PRSE,edge,x,NA,NA,NA,NA,NA,NA,NA,NA,1.66,NA,-25.42,6.55,1.74,0.4,14.12,G-86652,plate2_B6,NA,FALSE
111,111,14,2,9,PRSE,edge,,-31.45,47.37,-1.49,2.77,1.338,G-86258,"plate 1, C3",NA,5.62,NA,-25.32,11.41,3.85,0.78,14.34,G-86684,plate2_E2,NA,FALSE
122,122,13,2,9,QURU,center,x,NA,NA,NA,NA,NA,NA,NA,NA,11.456,NA,-24.99,8.04,4.25,0.61,14.12,G-86651,plate2_B5,NA,FALSE
121,121,21,2,9,QURU,center,,-29.7,48.17,2.39,2.95,2.402,G-86276,"plate 1, D9",NA,13.5,NA,-26.26,16.97,4.92,1.27,14.22,G-86842,plate4_B5,NA,FALSE
123,123,1,2,9,QURU,edge,,-28.83,46.76,3.39,2.38,2.962,G-86299,"plate 1, F8",NA,5.355,NA,-26.35,16.43,2.9,1.18,14.08,G-86674,plate2_D4,NA,FALSE
124,124,16,2,9,QURU,edge,,-29.5,45.91,-0.38,1.39,2.824,G-86277,"plate 1, D10",NA,1.344,NA,-26.02,15.25,5.14,1.12,13.67,G-86685,plate2_E3,NA,FALSE
126,126,6,2,9,TIAM,center,x,NA,NA,NA,NA,NA,NA,NA,NA,10.5,NA,-25.07,10.89,3.94,0.88,14.73,G-86678,NA,26G_126,NA
125,125 and 125_DUP,9,2,9,TIAM,center,x,NA,NA,NA,NA,NA,NA,NA,NA,10.9,NA,-25.16,8.56,4.585,0.63,14.065,G-86680 and G-86681,plate2_D10 and plate2_D11,NA,TRUE
127,127,1,2,9,TIAM,edge,,NA,NA,NA,NA,NA,NA,NA,NA,4.28,NA,-23.85,8.02,5.92,0.49,13.44,G-86649,plate2_B3,NA,FALSE
128,128 and 128_Dup?,7,2,9,TIAM,edge,,-33.01,43.93,1.67,0.74,2.275,G-86432,"plate 3, A9",NA,2.068,NA,-24.775,10.165,4.58,0.8,14.115,G-86661 and G-86709,plate2_C3 and plate2_G3,NA,TRUE
162,162,3,3,5,ACRU,center,,-30.65,49.93,-1.1,1.95,3.347,G-86504,"plate 3, G9",NA,13.5,NA,-25.63,17.65,4.04,1.52,13.08,G-86695,plate2_F1,NA,FALSE
161,161,8,3,5,ACRU,center,,-28.96,52.55,0.34,1.82,2.917,G-86484,"plate 3, F1",NA,10.2,NA,-23.22,10.69,6.43,0.92,14.27,G-86713,plate2_G7,NA,FALSE
163,163,1,3,5,ACRU,edge,,-30.67,48.73,-0.74,1.69,2.313,G-86517,"plate 3, H10",NA,4.1,NA,-24.95,9.42,5.5,0.85,14.37,G-86702,plate2_F8,NA,FALSE
164,164,5,3,5,ACRU,edge,,-28.41,51.05,-1.03,1.55,2.898,G-86338,"plate 2, A11",NA,4.5,NA,-24.11,14.94,7.58,1.04,14.73,G-86700,plate2_F6,NA,FALSE
166,166,1,3,5,ACSA,center,,-28.58,49.265,0.025,1.575,2.842,G-86314 and G-86315,"plate 1, G11 and plate 1, G12",NA,10.5,NA,-23.36,14.38,4.96,1.27,14.98,G-86735,NA,26G_166,NA
165,165,3,3,5,ACSA,center,,-27.76,48.33,0.09,1.34,1.859,G-86301,"plate 1, F10",NA,15.7,NA,-25.56,14.28,3.55,1.04,13.19,G-86726,plate2_H8,NA,FALSE
167,167,14,3,5,ACSA,edge,,-29.75,49,-0.86,1.15,1.712,G-86292,"plate 1, F1",NA,3.8,NA,-25.28,9.94,3.4,0.79,14.4,G-86743,NA,26G_167,NA
168,168,21,3,5,ACSA,edge,,-28.55,46.84,-0.93,1.42,3.176,G-86246,"plate 1, B3",NA,5.9,NA,-23.46,7.91,5.45,0.68,13.88,G-86708,plate2_G2,NA,FALSE
177,177,7,3,5,BELE,center,,-31.6,48.16,1.56,3.19,2.389,G-86386,"plate 2, E11",NA,11.2,NA,-19.96,4.65,5.51,0.31,13.55,G-86696,plate2_F2,NA,FALSE
178,178,13,3,5,BELE,center,,-31.95,47.01,1.38,2.58,2.148,G-86399,"plate 2, F12",NA,10.07,NA,-22.61,6.72,6.68,0.48,14.48,G-86701,plate2_F7,NA,FALSE
180,180,5,3,5,BELE,edge,,-31.45,48.2,1.68,3.47,2.368,G-86408,"plate 2, G9",NA,8.85,NA,-25.22,15.18,4.94,1.21,14.19,G-86691,plate2_E9,NA,FALSE
179,179,16,3,5,BELE,edge,x,NA,NA,NA,NA,NA,NA,NA,NA,10.1,NA,-23.78,8,5.14,0.62,14.02,G-86710,plate2_G4,NA,FALSE
181,181,8,3,5,CACO,center,,-33.74,45.48,1.38,2.26,2.334,G-86438,"plate 3, B3",NA,11.21,NA,-23.88,13.18,6.08,1.09,14.29,G-86714,plate2_G8,NA,FALSE
182,NA,17,3,5,CACO,center,,-35.55,46.09,-0.3,1.6,2.417,G-86439,"plate 3, B4",NA,9.6,NA,NA,NA,NA,NA,NA,NA,NA,NA,NA
184,184,2,3,5,CACO,edge,,-32,45.64,1.47,2.36,2.256,G-86434,"plate 3, A11",NA,3.64,NA,-22.76,20.77,3.32,1.71,14.52,G-86690,NA,26G_184,NA
183,183,12,3,5,CACO,edge,,-32.56,44.16,1.72,1.81,2.009,G-86433,"plate 3, A10",NA,6.15,NA,-24.79,13.98,4.5,1.16,13.2,G-86707,plate2_G1,NA,FALSE
170,170,11,3,5,NYSY,center,,-31.34,47.08,0.83,1.96,2.394,G-86369,"plate 2, D6",NA,7.51,NA,-22.78,4.57,5.74,0.26,13.12,G-86725,plate2_H7,NA,FALSE
169,169 and 169_DUP,15,3,5,NYSY,center,,-33.06,46.48,0.76,2.19,2.088,G-86370,"plate 2, D7",NA,15.65,NA,-24.98,10.44,2.86,0.77,14.78,G-86728 and G-86729,plate2_H10 and plate2_H11,NA,TRUE
172,172,2,3,5,NYSY,edge,,-31.82,46.35,-0.04,1.59,2.475,G-86368,"plate 2, D5",NA,4,NA,-25.27,9.26,5.97,0.68,13.59,G-86724,plate2_H6,NA,FALSE
171,171,9,3,5,NYSY,edge,,-31.76,46.27,-1.24,1.55,2.45,G-86355,"plate 2, C4",NA,2.8,NA,-25.88,7.09,4.34,0.45,14.22,G-86727,plate2_H9,NA,FALSE
174,174,7,3,5,PRSE,center,,-29.14,47.91,-0.68,3.16,2.661,G-86264,"plate 1, C9",NA,15.57,NA,-23.52,10.46,5.28,0.94,14.17,G-86697,plate2_F3,NA,FALSE
173,173,11,3,5,PRSE,center,,-30.07,47.76,-0.08,2.85,1.881,G-86271,"plate 1, D4",NA,11.5,NA,-24.74,15.23,4.45,1,13.09,G-86715,plate2_G9,NA,FALSE
176,176,8,3,5,PRSE,edge,x,NA,NA,NA,NA,NA,NA,NA,NA,5.5,NA,-23.29,10.42,5.03,0.85,14.27,G-86711,NA,26G_176,NA
175,175,9,3,5,PRSE,edge,,-36.94,45.47,0.29,3.29,1.363,G-86531,"plate 4, A12",NA,4.4,NA,-24.54,11.37,6.34,0.91,14.34,G-86703,plate2_F9,NA,FALSE
185,185,13,3,5,QURU,center,,-28.19,47.75,0.18,2.65,2.256,G-86248,"plate 1, B5",NA,12.83,NA,-23.59,9.42,5.86,0.65,13.17,G-86689,plate2_E7,NA,FALSE
186,186 and 186_DUP,18,3,5,QURU,center,,-29.99,47.67,-0.59,1.61,2.234,G-86316,"plate 1, H1",NA,9.5,NA,-26.005,22.585,3.155,1.645,13.22,G-86692 and G-86693,plate2_E10 and plate2_E11,NA,TRUE
188,188,19,3,5,QURU,edge,,-33.4,47.14,4.57,2.02,1.619,G-86317,"plate 1, H2",NA,6,NA,-18.51,6.27,3.54,0.38,13.8,G-86712,plate2_G6,NA,FALSE
187,187 and 187_DUP,20,3,5,QURU,edge,x,NA,NA,NA,NA,NA,NA,NA,NA,8.1,NA,-25.475,19.72,5.345,1.745,13.54,G-86704 and G-86705,plate2_F10 and plate2_F11,NA,TRUE
190,190,14,3,5,TIAM,center,x,NA,NA,NA,NA,NA,NA,NA,NA,11.95,NA,-23.56,9.09,5.87,0.75,13.69,G-86688,plate2_E6,NA,FALSE
189,189,17,3,5,TIAM,center,x,NA,NA,NA,NA,NA,NA,NA,NA,14.74,NA,-24.6,11.4,4.79,0.86,13.03,G-86719,plate2_H1,NA,FALSE
191,191,11,3,5,TIAM,edge,x,NA,NA,NA,NA,NA,NA,NA,NA,4.27,NA,-23.49,12.18,4.81,0.92,13.81,G-86698,plate2_F4,NA,FALSE
192,192,20,3,5,TIAM,edge,x,NA,NA,NA,NA,NA,NA,NA,NA,7.57,NA,-27.66,9.54,5.35,0.74,14.24,G-86687,plate2_E5,NA,FALSE
NA,NA,18,4,6,BELE,NA,fixed,-33.34,47.68,-0.53,1.71,2.708,G-86388,"plate 2, F1",NA,NA,NA,NA,NA,NA,NA,NA,NA,NA,NA,NA
225,225,6,8,1,ACRU,center,,-27.58,48.87,0.54,2.35,3.031,G-86503,"plate 3, G8",NA,9.755,NA,-24.48,3.87,7.73,0.34,14.64,G-86757,NA,26G_225,NA
226,226,10,8,1,ACRU,center,,-29.99,49.58,2.35,1.4,2.158,G-86502,"plate 3, G7",NA,10.404,NA,-31.24,6.48,8.33,0.55,13.81,G-86722,plate2_H4,NA,FALSE
228,NA,1,8,1,ACRU,edge,x,-30.7,50.54,0.86,1.41,2.347,G-86494,"plate 3, F11",NA,2.3,NA,NA,NA,NA,NA,NA,NA,NA,NA,NA
227,227,2,8,1,ACRU,edge,,-30.56,50.48,1.1,1.92,2.441,G-86493,"plate 3, F10",NA,6.217,NA,-24.59,6.61,7.3,0.54,14.15,G-86763,plate3_C9,NA,FALSE
229,229,3,8,1,ACSA,center,,-29.34,48.16,2.26,1.48,1.807,G-86240,"plate 1, A9",NA,11.024,NA,-23.22,4.19,7.11,0.37,14.99,G-86759,NA,26G_229,NA
230,NA,11,8,1,ACSA,center,x,-28.63,49.39,0.76,1.64,3.241,G-86318,"plate 1, H3",NA,11,NA,NA,NA,NA,NA,NA,NA,NA,NA,NA
232,232,12,8,1,ACSA,edge,,-30,46.36,1.28,1.14,1.905,G-86249,"plate 1, B6",NA,2.43,NA,-23.09,5.1,5.18,0.31,14.7,G-86761,plate3_C7,NA,FALSE
231,231,16,8,1,ACSA,edge,,-28.5,48.68,1.87,1.61,2.077,G-86250,"plate 1, B7",NA,7.506,NA,-24.88,6.11,6.22,0.53,13.81,G-86752,NA,26G_231,NA
242,242,4,8,1,BELE,center,,-31.12,47.62,-0.13,1.72,2.819,G-86385,"plate 2, E10",NA,11.253,NA,-23.74,6.33,6.49,0.5,14.55,G-86749,NA,26G_242,NA
241,241,20,8,1,BELE,center,,-31.32,46.96,0.48,1.96,2.669,G-86384,"plate 2, E9",NA,11.034,NA,-24.48,5.97,6.05,0.48,14.14,G-86733,NA,26G_241,NA
244,244,11,8,1,BELE,edge,,-31.33,47.47,3.68,2.61,2.394,G-86413,"plate 2, H2",NA,14.531,NA,-24.57,5.28,6.3,0.51,13.74,G-86750,NA,26G_244,NA
NA,NA,/,8,1,BELE,edge,,NA,NA,NA,NA,NA,NA,NA,NA,/,NA,NA,NA,NA,NA,NA,NA,NA,NA,NA
245,245,8,8,1,CACO,center,fixed,NA,NA,NA,NA,NA,NA,NA,NA,13.5,NA,-24.63,5.76,5.25,0.48,14.45,G-86746,NA,26G_245,NA
246,246,13,8,1,CACO,center,,-31.48,45.07,1.07,1.45,2.647,G-86437,"plate 3, B2",NA,17.395,NA,-26.05,6.87,4.76,0.46,14.17,G-86762,plate3_C8,NA,FALSE
247,247,19,8,1,CACO,edge,,-30.41,43.87,-0.15,1.95,2.608,G-86466,"plate 3, D7",NA,8.936,NA,-24.16,6.91,5.26,0.65,14.8,G-86755,NA,26G_247,NA
248,248,20,8,1,CACO,edge,,-29.74,44.59,0.52,2.05,2.596,G-86467,"plate 3, D8",NA,8.746,NA,-25.25,6.15,5.13,0.47,14.47,G-86734,NA,26G_248,NA
234,234,7,8,1,NYSY,center,,-35.14,46.86,2.75,1.89,2.177,G-86340,"plate 2, B1",NA,8.987,NA,-22.73,4.49,6.64,0.33,13.42,G-86751,NA,26G_234,NA
233,233,13,8,1,NYSY,center,,-32.75,47.51,2.22,2.37,2.554,G-86341,"plate 2, B2",NA,9.76,NA,-25.88,7.08,5.99,0.57,13.26,G-86723,plate2_H5,NA,FALSE
235,235,6,8,1,NYSY,edge,,-31.565,45.795,2.275,1.175,2.566,G-86346 and G-86350,"plate 2, B7 and plate 2, B11",NA,7.5,NA,-21.79,3.98,8.72,0.35,14.68,G-86760,NA,26G_235,NA
236,236,12,8,1,NYSY,edge,fixed,NA,NA,NA,NA,NA,NA,NA,NA,7.8,NA,-23.39,4.39,6.58,0.37,14.48,G-86747,NA,26G_236,NA
NA,NA,2,8,1,NYSY,NA,fixed,-32.94,47.6,2.97,1.46,2.589,G-86339,"plate 2, A12",NA,NA,NA,NA,NA,NA,NA,NA,NA,NA,NA,NA
238,238,1,8,1,PRSE,center,,-28.84,48.4,1.73,1.4,2.74,G-86272,"plate 1, D5",NA,11.898,NA,-22.17,5.05,6.99,0.38,14.48,G-86748,NA,26G_238,NA
237,237,4,8,1,PRSE,center,,-30.53,46.58,-0.98,1.28,2.934,G-86273,"plate 1, D6",NA,9.657,NA,-25.16,6.34,5.46,0.45,14.32,G-86758,NA,26G_237,NA
239,239,2,8,1,PRSE,edge,,-28.11,48.91,0.74,2.85,3.244,G-86261,"plate 1, C6",NA,5.516,NA,-24.2,4.8,5.74,0.36,13.11,G-86739,NA,26G_239,NA
240,240,19,8,1,PRSE,edge,,-28.18,47.27,-1.01,2.2,2.699,G-86260,"plate 1, C5",NA,3,NA,-24.14,6.72,4.7,0.58,13.76,G-86744,NA,26G_240,NA
250,250,1,8,1,QURU,center,,-28.46,47.69,2.93,2.28,2.634,G-86304,"plate 1, G1",NA,11.67,NA,-21.82,3.53,7.34,0.27,14.28,G-89654,NA,26G_250,NA
249,249,5,8,1,QURU,center,,-29.08,48.08,1.57,2.43,2.527,G-86305,"plate 1, G2",NA,12.323,NA,-22.96,2.74,6.76,0.17,13.19,G-86720,plate2_H2,NA,FALSE
251,251,2,8,1,QURU,edge,,-29.71,46.92,-0.06,2.18,2.243,G-86303,"plate 1, F12",NA,9.903,NA,-25.1,10.35,4.2,0.9,13.96,G-86745,NA,26G_251,NA
252,252,3,8,1,QURU,edge,,-29.06,47.48,0.69,2.64,2.584,G-86302,"plate 1, F11",NA,8.838,NA,-25.31,6.38,6.77,0.49,14,G-86721,plate2_H3,NA,FALSE
253,253,4,8,1,TIAM,center,x,NA,NA,NA,NA,NA,NA,NA,NA,12.509,NA,-20.55,1.81,6.91,0.11,14.06,G-86732,NA,26G_253,NA
254,254,12,8,1,TIAM,center,x,NA,NA,NA,NA,NA,NA,NA,NA,15,NA,-25.35,5.35,5.21,0.39,14.57,G-86740,NA,26G_254,NA
255,255,2,8,1,TIAM,edge,x,NA,NA,NA,NA,NA,NA,NA,NA,7,NA,-23.98,4.08,4.78,0.31,14.35,G-86756,NA,26G_255,NA
256,256,5,8,1,TIAM,edge,x,NA,NA,NA,NA,NA,NA,NA,NA,7.171,NA,-25.45,8.36,4.01,0.57,14.52,G-86731,NA,26G_256,NA
193,193,1,10,5,ACRU,center,,-29.29,51.08,0.12,1.33,2.888,G-86336,"plate 2, A9",NA,14.915,NA,-24.43,8.36,4.51,0.63,14.01,G-86638,plate2_A4,NA,FALSE
194,194,9,10,5,ACRU,center,,-29.54,50.38,1.34,1.94,2.772,G-86337,"plate 2, A10",NA,10.592,NA,-24.97,6.17,3.99,0.37,14.05,G-86607,plate1_F9,NA,FALSE
200,200,8,10,5,ACRU,edge,x,NA,NA,NA,NA,NA,NA,NA,NA,3.384,NA,-25.07,7.28,4.12,0.54,14.54,G-86665,plate2_C7,NA,FALSE
195,195,11,10,5,ACRU,edge,,-30.61,50.1,1.06,1.55,2.386,G-86479,"plate 3, E8",NA,10.532,NA,-25.68,12.16,4.09,0.96,13.4,G-86605,plate1_F7,NA,FALSE
198,198,4,10,5,ACSA,center,,-29.46,47.87,1.83,1.56,1.66,G-86282,"plate 1, E3",NA,10.843,NA,-25.04,12.61,5.65,1.01,14.38,G-86631,plate1_H9,NA,FALSE
197,197,6,10,5,ACSA,center,,-29.05,48.34,0.49,1.4,2.811,G-86283,"plate 1, E4",NA,10.942,NA,-24.72,8.37,4.65,0.65,13.99,G-86626,plate1_H4,NA,FALSE
199,199,5,10,5,ACSA,edge,,-29.01,49.56,0.96,1.4,2.141,G-86244,"plate 1, B1",NA,7.483,NA,-24.73,7.31,4.77,0.53,14.1,G-86618,plate1_G8,NA,FALSE
196,196,16,10,5,ACSA,edge,,-29.34,48.33,-0.38,1.72,1.874,G-86243,"plate 1, A12",NA,4.613,NA,-24.19,7.17,5.98,0.54,14.86,G-86639,plate2_A5,NA,FALSE
NA,NA,12,10,5,ACSA,NA,fixed?,-32.27,47,2.5,1.83,1.736,G-86297,"plate 1, F6",NA,NA,NA,NA,NA,NA,NA,NA,NA,NA,NA,NA
210,210,9,10,5,BELE,center,,-29.51,48.37,1.76,2.76,2.995,G-86383,"plate 2, E8",NA,8.185,NA,-23.14,5.13,5.88,0.36,14.29,G-86617,plate1_G7,NA,FALSE
209,209 and 209_DUP,13,10,5,BELE,center,,-30.82,48.07,2.94,2.43,2.565,G-86406,"plate 2, G7",NA,9.706,NA,-24.88,7.065,4,0.475,13.71,G-86620 and G-86621,plate1_G10 and plate1_G11,NA,TRUE
212,212,4,10,5,BELE,edge,,-30.87,47.92,1.24,2.45,2.358,G-86402,"plate 2, G3",NA,14.393,NA,-24.26,8.2,4.6,0.56,14.23,G-86636,plate2_A2,NA,FALSE
211,211,8,10,5,BELE,edge,,-31.99,47.53,0.67,2.83,2.367,G-86382,"plate 2, E7",NA,3.813,NA,-26.31,7.66,4.96,0.54,14.5,G-86606,plate1_F8,NA,FALSE
216,216,4,10,5,CACO,center,,-30.11,44.49,1.41,2.37,2.812,G-86460,"plate 3, D1",NA,8.643,NA,-23.27,6.32,4.77,0.45,14.07,G-86615,plate1_G5,NA,FALSE
214,214,16,10,5,CACO,center,,-30.94,45.42,4.36,2.09,2.524,G-86455,"plate 3, C8",NA,8.789,NA,-24.44,8.36,5.13,0.62,13.07,G-86640,plate2_A6,NA,FALSE
215,215,7,10,5,CACO,edge,fixed,NA,NA,NA,NA,NA,NA,NA,NA,7.129,NA,-24.7,11.63,5.13,0.74,13.73,G-86611,plate1_G1,NA,FALSE
213,213,20,10,5,CACO,edge,,-30.56,45.43,0.68,2.01,2.618,G-86461,"plate 3, D2",NA,11.165,NA,-24.52,5.51,4.98,0.41,15,G-86635,plate2_A1,NA,FALSE
NA,NA,3,10,5,CACO,NA,fixed,-32.12,43.59,1.7,2.35,2.236,G-86453,"plate 3, C6",NA,NA,NA,NA,NA,NA,NA,NA,NA,NA,NA,NA
202,202,7,10,5,NYSY,center,,-29.73,46.78,1.21,1.64,2.803,G-86344,"plate 2, B5",NA,17.985,NA,-24.26,7.66,4.58,0.57,14.28,G-86673,plate2_D3,NA,FALSE
201,201 and 201_DUP,8,10,5,NYSY,center,,-33.7,46.2,1.64,2.3,2.207,G-86371,"plate 2, D8",NA,16.001,NA,-25.11,6.48,3.745,0.435,13.91,G-86608 and G-86609,plate1_F10 and plate1_F11,NA,TRUE
203,203,10,10,5,NYSY,edge,,-31.68,47.05,2.44,1.89,2.419,G-86356,"plate 2, C5",NA,6.188,NA,-24.18,8.09,6.6,0.65,13.78,G-86612,plate1_G2,NA,FALSE
204,204,11,10,5,NYSY,edge,,-30.93,46.48,1.93,1.92,2.44,G-86357,"plate 2, C6",NA,5.184,NA,-24.32,6.62,5.16,0.48,13.69,G-86613,plate1_G3,NA,FALSE
206,206,10,10,5,PRSE,center,,-30.46,47.91,0.25,2.81,2.487,G-86269,"plate 1, D2",NA,11.265,NA,-24.62,8.33,4.34,0.63,14.17,G-86627,plate1_H5,NA,FALSE
205,205,19,10,5,PRSE,center,,-29.63,47.74,-0.28,2.2,2.574,G-86268,"plate 1, D1",NA,8.463,NA,-24.64,11.16,6.12,0.92,14.91,G-86650,plate2_B4,NA,FALSE
208,208,4,10,5,PRSE,edge,x,NA,NA,NA,NA,NA,NA,NA,NA,15.538,NA,-24.51,8.04,6.04,0.5,14.45,G-86637,plate2_A3,NA,FALSE
207,207,17,10,5,PRSE,edge,x,NA,NA,NA,NA,NA,NA,NA,NA,4.835,NA,-24.48,7.79,4.89,0.6,14.62,G-86630,plate1_H8,NA,FALSE
218,218 and 218_DUP,11,10,5,QURU,center,,-29.64,48.22,1.52,2.32,2.81,G-86310,"plate 1, G7",NA,11.383,NA,-24.285,6.88,5.13,0.535,13.92,G-86632 and G-86633,plate1_H10 and plate1_H11,NA,TRUE
217,217,12,10,5,QURU,center,x,NA,NA,NA,NA,NA,NA,NA,NA,10.466,NA,-24.41,8.39,5.5,0.68,14.77,G-86616,plate1_G6,NA,FALSE
219,219,1,10,5,QURU,edge,,-28.63,47.49,2.72,1.93,1.642,G-86312,"plate 1, G9",NA,12.3,NA,-24.45,4.04,6.12,0.3,14.07,G-86623,plate1_H1,NA,FALSE
220,220,2,10,5,QURU,edge,fixed,NA,NA,NA,NA,NA,NA,NA,NA,7.627,NA,-21.98,2.56,7.2,0.16,14.18,G-86641,plate2_A7,NA,FALSE
222,222,15,10,5,TIAM,center,x,NA,NA,NA,NA,NA,NA,NA,NA,17.45,NA,-25.65,9.91,3.46,0.65,14.57,G-86629,plate1_H7,NA,FALSE
221,221,16,10,5,TIAM,center,x,NA,NA,NA,NA,NA,NA,NA,NA,17.924,NA,-25.59,9.3,3.93,0.68,13.83,G-86654,plate2_B8,NA,FALSE
223,223,19,10,5,TIAM,edge,x,NA,NA,NA,NA,NA,NA,NA,NA,6.948,NA,-24.3,8.8,5,0.67,13.07,G-86628,plate1_H6,NA,FALSE
224,224,20,10,5,TIAM,edge,x,NA,NA,NA,NA,NA,NA,NA,NA,4.713,NA,-23.58,6.29,4.11,0.42,14.79,G-86647,plate2_B1,NA,FALSE
65,65,14,14,5,ACRU,center,,-31.36,51.58,1.56,1.8,3.236,G-86492,"plate 3, F9",NA,13,NA,-27.11,13.58,3.74,0.68,13.42,G-86771,plate3_D5,NA,FALSE
66,66,20,14,5,ACRU,center,,-33.63,48.61,-0.83,1.76,2.83,G-86518,"plate 3, H11",NA,14.4,NA,-25.7,9.83,2,0.36,13.24,G-86795,plate3_F6,NA,FALSE
68,68 and 68_DUP,9,14,5,ACRU,edge,,-31.57,48.59,-0.5,1.81,2.757,G-86519,"plate 3, H12",NA,5.5,NA,-25.08,6.91,5.585,0.315,14.97,G-86764 and G-86765,plate3_C10 and plate3_C11,NA,TRUE
67,67,18,14,5,ACRU,edge,,-33.37,49.76,0.73,1.91,2.569,G-86516,"plate 3, H9",NA,8.5,NA,-25.34,7.91,4.24,0.36,14.71,G-86804,plate3_G3,NA,FALSE
70,70,6,14,5,ACSA,center,,-36.02,48.05,2.21,1.47,1.494,G-86530,"plate 4, A11",NA,15.2,NA,-26.56,11.21,2,0.4,14.47,G-86791,plate3_F2,NA,FALSE
69,69,14,14,5,ACSA,center,,-30.11,50.74,4.56,1.03,2.176,G-86300,"plate 1, F9",NA,14.1,NA,-26.46,12.22,2.08,0.44,14.42,G-86784,plate3_E7,NA,FALSE
72,72,16,14,5,ACSA,edge,,-28.26,49.87,-1.13,1.51,3.077,G-86327,"plate 1, H12",NA,9,NA,-25.71,15.52,2.35,0.69,13.79,G-86805,plate3_G4,NA,FALSE
71,71,18,14,5,ACSA,edge,,-27.82,48.83,-2.21,1.45,3.388,G-86286,"plate 1, E7",NA,6.8,NA,-25.46,10.17,3.79,0.48,14.4,G-86792,plate3_F3,NA,FALSE
81,81,8,14,5,BELE,center,,-31.7,47.16,1.55,1.58,2.322,G-86400,"plate 2, G1",NA,12.4,NA,-24.97,6.09,4.88,0.27,14.72,G-86794,plate3_F5,NA,FALSE
82,82,12,14,5,BELE,center,,-32.31,48.44,2.36,2.97,2.756,G-86412,"plate 2, H1",NA,14.2,NA,-26.3,10.58,2.69,0.37,14.77,G-86803,plate3_G2,NA,FALSE
83,83,2,14,5,BELE,edge,fixed,NA,NA,NA,NA,NA,NA,NA,NA,10.2,NA,-25.76,9.35,2.38,0.38,13.72,G-86796,plate3_F7,NA,FALSE
84,84,9,14,5,BELE,edge,,-31.78,48.48,1.9,1.64,2.361,G-86401,"plate 2, G2",NA,10.8,NA,-25.52,6.29,3.17,0.26,14.65,G-86790,plate3_F1,NA,FALSE
NA,NA,2,14,5,BELE_41,NA,fixed,-30.92,47.21,-0.8,2.21,2.323,G-86410,"plate 2, G11",NA,NA,NA,NA,NA,NA,NA,NA,NA,NA,NA,NA
NA,NA,2,14,5,BELE_42,NA,fixed,-31.28,47.52,-0.62,2,2.534,G-86411,"plate 2, G12",NA,NA,NA,NA,NA,NA,NA,NA,NA,NA,NA,NA
86,86,13,14,5,CACO,center,,-31.105,44.945,1.98,1.28,2.635,G-86463 and G-86464,"plate 3, D4 and plate 3, D5",NA,14.5,NA,-25.59,7.73,3.8,0.41,14.27,G-86767,plate3_D1,NA,FALSE
85,85 and 85_DUP,14,14,5,CACO,center,,-29.35,45.19,0.87,1.88,2.592,G-86465,"plate 3, D6",NA,12.5,NA,-25.75,11.8,2.245,0.455,13.325,G-86775 and G-86776,plate3_D10 and plate3_D11,NA,TRUE
88,88,1,14,5,CACO,edge,,-31.9,44.65,1.65,2.5,2.652,G-86462,"plate 3, D3",NA,6.3,NA,-26.24,15.35,3.72,0.71,13.14,G-86769,plate3_D3,NA,FALSE
87,87,20,14,5,CACO,edge,,-32.9,45.21,0.1,1.45,2.638,G-86454,"plate 3, C7",NA,5.5,NA,-25,8.59,2.37,0.41,14.56,G-86778,plate3_E1,NA,FALSE
74,74,4,14,5,NYSY,center,,-30.51,47.06,-0.42,1.46,3.558,G-86380,"plate 2, E5",NA,15.5,NA,-26.35,8.35,2.06,0.31,13.99,G-86780,plate3_E3,NA,FALSE
73,73,13,14,5,NYSY,center,,-30.46,47.04,4.15,2,3.124,G-86353,"plate 2, C2",NA,14,NA,-25.53,6.47,2.89,0.17,14.71,G-86773,plate3_D7,NA,FALSE
75,75,15,14,5,NYSY,edge,,-30.07,46.48,-1.52,1.72,2.803,G-86345,"plate 2, B6",NA,5.6,NA,-26.13,7.79,3.33,0.4,14.14,G-86838,plate4_B1,NA,FALSE
76,76,19,14,5,NYSY,edge,,-32.28,45.66,4.52,2.08,1.564,G-86354,"plate 2, C3",NA,13.5,NA,-25.83,15.3,2.6,0.53,14.63,G-86839,plate4_B2,NA,FALSE
78,78,11,14,5,PRSE,center,x,NA,NA,NA,NA,NA,NA,NA,NA,12.9,NA,-26.82,14.45,3.9,0.55,14.97,G-86782,plate3_E5,NA,FALSE
77,77,17,14,5,PRSE,center,x,NA,NA,NA,NA,NA,NA,NA,NA,14.2,NA,-25.63,6.15,2.24,0.22,14.4,G-86768,plate3_D2,NA,FALSE
79,79,9,14,5,PRSE,edge,x,NA,NA,NA,NA,NA,NA,NA,NA,12.5,NA,-25.67,28.84,3.53,0.99,14.35,G-86770,plate3_D4,NA,FALSE
80,80,15,14,5,PRSE,edge,,-29.6,48.59,-0.44,2.16,2.391,G-86274,"plate 1, D7",NA,4.5,NA,-26.1,5.58,4.21,0.23,13.04,G-86781,plate3_E4,NA,FALSE
90,90,2,14,5,QURU,center,,-29.16,46.69,0.11,1.59,3.215,G-86291,"plate 1, E12",NA,11.15,NA,-25.92,8.11,2.3,0.31,13.39,G-86786,plate3_E9,NA,FALSE
89,89,13,14,5,QURU,center,x,NA,NA,NA,NA,NA,NA,NA,NA,12.5,NA,-26.6,16.56,1.49,0.64,14.57,G-86798,plate3_F9,NA,FALSE
92,92 and 92_DUP,10,14,5,QURU,edge,,-29.68,47.51,0.315,2.165,3.0145,G-86287 and G-86288,"plate 1, E8 and plate 1, E9",NA,8.6,NA,-26.09,10.41,2.38,0.45,13.8,G-86799 and G-86800,plate3_F10 and plate3_F11,NA,TRUE
91,91 and 91_DUP,16,14,5,QURU,edge,x,NA,NA,NA,NA,NA,NA,NA,NA,3.8,NA,-25.205,10.11,3.165,0.445,14.435,G-86787 and G-86788,plate3_E10 and plate3_E11,NA,TRUE
93,93,11,14,5,TIAM,center,x,NA,NA,NA,NA,NA,NA,NA,NA,15.2,NA,-25.47,12.51,2.74,0.47,14.84,G-86797,plate3_F8,NA,FALSE
94,94,13,14,5,TIAM,center,x,NA,NA,NA,NA,NA,NA,NA,NA,16.7,NA,-24.6,8.42,4.15,0.34,13.52,G-86802,plate3_G1,NA,FALSE
96,96,12,14,5,TIAM,edge,x,NA,NA,NA,NA,NA,NA,NA,NA,5.5,NA,-24.72,10.08,2.79,0.44,14.96,G-86793,plate3_F4,NA,FALSE
95,95,20,14,5,TIAM,edge,x,NA,NA,NA,NA,NA,NA,NA,NA,7.8,NA,-27.66,34.01,2.37,1.17,14.9,G-86785,plate3_E8,NA,FALSE
33,33,1,14,6,ACRU,center,,-31.65,49.11,0.44,1.15,2.429,G-86481,"plate 3, E10",NA,13.9,NA,-25.19,8.22,3.04,0.39,14.54,G-86563,plate1_C1,NA,FALSE
35,35,14,14,6,ACRU,center,,-32.14,49.23,-1.81,1.49,2.566,G-86480,"plate 3, E9",NA,11.9,NA,-25.32,6.35,3.41,0.27,14.31,G-86564,plate1_C2,NA,FALSE
34,34 and 34_DUP,5,14,6,ACRU,edge,,-32.26,49.29,-0.73,1.43,2.724,G-86483,"plate 3, E12",NA,9.4,NA,-24.16,10.185,3.15,0.455,13.305,G-86560 and G-86561,plate1_B10 and plate1_B11,NA,TRUE
36,36,11,14,6,ACRU,edge,,-29.94,50.46,-1.01,1.08,2.582,G-86482,"plate 3, E11",NA,4.4,NA,-25.66,8.67,1.84,0.43,14.67,G-86567,plate1_C5,NA,FALSE
38,38,19,14,6,ACSA,center,,-30.89,49.33,-0.96,1.1,2.73,G-86257,"plate 1, C2",NA,16.4,NA,-24.92,7.98,2.16,0.36,13.52,G-86603,plate1_F5,NA,FALSE
37,37,20,14,6,ACSA,center,,-29.24,49.35,2.59,1.21,2.869,G-86290,"plate 1, E11",NA,16.2,NA,-25.63,5.82,1.65,0.23,13.16,G-86595,plate1_E9,NA,FALSE
NA,NA,6,14,6,ACSA,edge,x,NA,NA,NA,NA,NA,NA,NA,NA,4.8,NA,NA,NA,NA,NA,NA,NA,NA,NA,NA
40,40,17,14,6,ACSA,edge,,-29.5,48.31,-1.11,0.85,2.468,G-86289,"plate 1, E10",NA,5.65,NA,-28.62,1.29,2.37,0.44,14.38,G-86604,NA,26G_40,NA
49,49,8,14,6,BELE,center,,-32.52,48.16,-0.98,1.88,2.644,G-86397,"plate 2, F10",NA,5.1,NA,-25.32,9.26,2.7,0.47,14.47,G-86565,plate1_C3,NA,FALSE
NA,NA,/,14,6,BELE,center,x,NA,NA,NA,NA,NA,NA,NA,NA,/,NA,NA,NA,NA,NA,NA,NA,NA,NA,NA
52,52,18,14,6,BELE,edge,fixed,NA,NA,NA,NA,NA,NA,NA,NA,3.3,NA,-25.99,8.83,2.69,0.46,14.59,G-86594,plate1_E8,NA,FALSE
51,51,20,14,6,BELE,edge,,-31.4,47.06,-0.02,1.65,2.763,G-86398,"plate 2, F11",NA,2.6,NA,-24.93,7.14,2.96,0.32,14.04,G-86578,plate1_D4,NA,FALSE
54,54 and 54_DUP,3,14,6,CACO,center,,-31.84,44.355,0.56,1.685,2.484,G-86451 and G-86452,"plate 3, C4 and plate 3, C5",NA,11.2,NA,-25.35,8.025,2.305,0.35,13.835,G-86596 and G-86597,plate1_E10 and plate1_E11,NA,TRUE
53,53,14,14,6,CACO,center,,-34.54,45.55,1.77,1.56,2.925,G-86447,"plate 3, B12",NA,11.6,NA,-26.12,10.72,2.1,0.36,13.21,G-86589,plate1_E3,NA,FALSE
56,56,8,14,6,CACO,edge,,-32.03,44.87,-0.47,1.53,2.695,G-86441,"plate 3, B6",NA,3.2,NA,-24.71,6.32,3.08,0.32,14.53,G-86592,plate1_E6,NA,FALSE
55,55,13,14,6,CACO,edge,,-31.94,44.94,-1.05,1.55,2.511,G-86448,"plate 3, C1",NA,3.3,NA,-25.28,8.98,2.83,0.47,14.07,G-86581,plate1_D7,NA,FALSE
42,NA,9,14,6,NYSY,center,,-29.95,45.69,0.97,1.87,2.738,G-86366,"plate 2, D3",NA,7,NA,NA,NA,NA,NA,NA,NA,NA,NA,NA
41,41,19,14,6,NYSY,center,,-30.165,47.345,0.43,1.81,3.399,G-86364 and G-86365,"plate 2, D1 and plate 2, D2",NA,11,NA,-25.9,11.42,2.23,0.47,13.64,G-86566,plate1_C4,NA,FALSE
43,43,13,14,6,NYSY,edge,,-30.41,46.45,1.65,1.1,2.857,G-86360,"plate 2, C9",NA,4.5,NA,-25.08,7.58,3.36,0.43,14.64,G-86599,plate1_F1,NA,FALSE
44,44,20,14,6,NYSY,edge,,-32.09,46.3,-0.05,1.33,2.444,G-86367,"plate 2, D4",NA,8.4,NA,-25.15,11.53,2.58,0.43,13.29,G-86602,plate1_F4,NA,FALSE
46,46,2,14,6,PRSE,center,x,NA,NA,NA,NA,NA,NA,NA,NA,14.1,NA,-25.12,20.35,1.48,0.65,13.3,G-86591,plate1_E5,NA,FALSE
45,45,8,14,6,PRSE,center,x,NA,NA,NA,NA,NA,NA,NA,NA,16.6,NA,-26.85,11.27,0.81,0.5,14.9,G-86579,plate1_D5,NA,FALSE
47,47,16,14,6,PRSE,edge,x,NA,NA,NA,NA,NA,NA,NA,NA,4.8,NA,-25.18,8.56,2.14,0.44,14.4,G-86590,plate1_E4,NA,FALSE
48,48,20,14,6,PRSE,edge,x,NA,NA,NA,NA,NA,NA,NA,NA,5.9,NA,-24.01,6.62,2.86,0.31,13.79,G-86580,plate1_D6,NA,FALSE
58,58,16,14,6,QURU,center,,-30.22,47.35,2.76,2.23,3.041,G-86278,"plate 1, D11",NA,9.8,NA,-26.24,12.22,2.53,0.46,13.58,G-86593,plate1_E7,NA,FALSE
57,57,17,14,6,QURU,center,,-29.99,47.05,1.82,1.56,2.774,G-86285,"plate 1, E6",NA,12.3,NA,-23.64,4.17,3.93,0.13,13.65,G-86601,plate1_F3,NA,FALSE
59,59,1,14,6,QURU,edge,,-29.95,48.69,-0.51,2.31,3.081,G-86326,"plate 1, H11",NA,3.1,NA,-25.62,5.51,2.5,0.27,13.93,G-86619,plate1_G9,NA,FALSE
60,60,9,14,6,QURU,edge,,-33.42,45.06,-0.21,2.25,2.021,G-86529,"plate 4, A10",NA,7.1,NA,-25.53,12.24,3.07,0.59,14.46,G-86625,plate1_H3,NA,FALSE
62,62,11,14,6,TIAM,center,x,NA,NA,NA,NA,NA,NA,NA,NA,11.4,NA,-25.57,11.01,1.03,0.47,14.61,G-86587,plate1_E1,NA,FALSE
61,61,16,14,6,TIAM,center,x,NA,NA,NA,NA,NA,NA,NA,NA,14.9,NA,-25.51,15.35,3.35,0.6,14.07,G-86624,plate1_H2,NA,FALSE
63,63,1,14,6,TIAM,edge,x,NA,NA,NA,NA,NA,NA,NA,NA,2.3,NA,-24.53,7.72,3.05,0.4,13.72,G-86582,plate1_D8,NA,FALSE
64,64,15,14,6,TIAM,edge,x,NA,NA,NA,NA,NA,NA,NA,NA,6.2,NA,-25.7,9.06,1.95,0.41,14.03,G-86600,plate1_F2,NA,FALSE
2,2,18,14,7,ACRU,center,,-33.91,48.53,-0.26,1.91,2.388,G-86507,"plate 3, G12",NA,16.1,NA,-26.91,7.91,1.96,0.4,14.29,G-86542,plate1_A4,NA,FALSE
1,1,20,14,7,ACRU,center,,-32.67,48.27,2.56,1.76,2.887,G-86510,"plate 3, H3",NA,13.5,NA,-26.11,13.75,1.47,0.52,13.6,G-86558,plate1_B8,NA,FALSE
3,NA,7,14,7,ACRU,edge,soil mystery,-33.11,48.785,-5.21,2,2.237,G-86505 and G-86506,"plate 3, G10 and plate 3, G11",NA,9.8,NA,NA,NA,NA,NA,NA,NA,NA,NA,NA
4,4,12,14,7,ACRU,edge,,-31.83,48.76,2.33,1.4,2.37,G-86508,"plate 3, H1",NA,9.2,NA,-25.79,12.45,0.71,0.51,13.29,G-86571,plate1_C9,NA,FALSE
6,6,13,14,7,ACSA,center,,-39.23,42.8,2.68,1.69,1.027,G-86528,"plate 4, A9",NA,11.7,NA,-25.3,13.98,2.35,0.63,13.15,G-86583,plate1_D9,NA,FALSE
5,5,14,14,7,ACSA,center,fixed,NA,NA,NA,NA,NA,NA,NA,NA,11.8,NA,-26.65,8.48,3.51,0.41,14.06,G-86544,plate1_A6,NA,FALSE
7,7,7,14,7,ACSA,edge,,NA,NA,NA,NA,NA,NA,NA,NA,8.3,NA,-26.01,23.56,2.67,1.04,13.04,G-86553,plate1_B3,NA,FALSE
8,8,8,14,7,ACSA,edge,,-30.33,47.56,-0.32,1.29,2.702,G-86313,"plate 1, G10",NA,8.1,NA,-26.72,23.33,0.46,1.03,13.07,G-86557,plate1_B7,NA,FALSE
NA,NA,14,14,7,ASCA,NA,,-29.35,46.94,-3.05,1.55,2.646,G-86311,"plate 1, G8",NA,NA,NA,NA,NA,NA,NA,NA,NA,NA,NA,NA
18,18 and 18_DUP,9,14,7,BELE,center,,-31.4,49.47,-0.36,4.06,3.039,G-86394,"plate 2, F7",NA,16.85,NA,-25.875,11.525,4.75,0.575,14.495,G-86548 and G-86549,plate1_A10 and plate1_A11,NA,TRUE
17,17,18,14,7,BELE,center,,NA,NA,NA,NA,NA,NA,NA,NA,10.9,NA,-25.92,8.39,3.56,0.37,14.03,G-86545,plate1_A7,NA,FALSE
20,20,12,14,7,BELE,edge,,-31.46,47.88,0.3,2.31,2.975,G-86395,"plate 2, F8",NA,12.1,NA,-23.78,8.54,3.35,0.39,14.25,G-86570,plate1_C8,NA,FALSE
19,19,15,14,7,BELE,edge,,NA,NA,NA,NA,NA,NA,NA,NA,16.8,NA,-26.27,13.95,1.97,0.68,14.83,G-86576,plate1_D2,NA,FALSE
NA,NA,5,14,7,BELE,NA,,-31.24,48.48,0.24,2.25,2.405,G-86392,"plate 2, F5",NA,NA,NA,NA,NA,NA,NA,NA,NA,NA,NA,NA
NA,NA,5,14,7,BELE,NA,,-30.67,47.76,-0.09,2.46,2.921,G-86393,"plate 2, F6",NA,NA,NA,NA,NA,NA,NA,NA,NA,NA,NA,NA
NA,NA,19,14,7,BELE,NA,,-31.8,48.5,1.75,2.66,2.865,G-86396,"plate 2, F9",NA,NA,NA,NA,NA,NA,NA,NA,NA,NA,NA,NA
22,22 and 22_DUP,11,14,7,CACO,center,,-31.51,45.41,2.07,2.19,2.571,G-86446,"plate 3, B11",NA,16,NA,-24.67,9.915,3.325,0.51,13.47,G-86572 and G-86573,plate1_C10 and plate1_C11,NA,TRUE
21,21,18,14,7,CACO,center,,-31.21,44.84,0.22,1.98,2.469,G-86449,"plate 3, C2",NA,18.9,NA,-25.72,15.17,3.24,0.74,14.68,G-86575,plate1_D1,NA,FALSE
NA,NA,3,14,7,CACO,edge,,-33.54,45.83,0.21,1.95,2.166,G-86442,"plate 3, B7",NA,9.5,NA,NA,NA,NA,NA,NA,NA,NA,NA,NA
24,24,8,14,7,CACO,edge,,-33,45.74,3.25,2.82,2.463,G-86450,"plate 3, C3",NA,9.2,NA,-26.65,23.63,2.71,1.04,14.12,G-86577,plate1_D3,NA,FALSE
9,9,11,14,7,NYSY,center,,-31.21,47.82,-0.19,1.8,2.754,G-86342,"plate 2, B3",NA,9.9,NA,-26.12,9.67,0.85,0.43,14.33,G-86559,plate1_B9,NA,FALSE
NA,NA,/,14,7,NYSY,center,,NA,NA,NA,NA,NA,NA,NA,NA,/,NA,NA,NA,NA,NA,NA,NA,NA,NA,NA
12,12,8,14,7,NYSY,edge,,-32.18,46.58,2.64,1.93,2.206,G-86343,"plate 2, B4",NA,4,NA,-27.87,9.58,3.85,0.45,13.72,G-86547,plate1_A9,NA,FALSE
NA,NA,/,14,7,NYSY,edge,,NA,NA,NA,NA,NA,NA,NA,NA,/,NA,NA,NA,NA,NA,NA,NA,NA,NA,NA
14,14,19,14,7,PRSE,center,,-28.69,49.44,-1.85,2.16,3.063,G-86263,"plate 1, C8",NA,16.8,NA,-26.11,6.43,2.95,0.31,13.85,G-86541,plate1_A3,NA,FALSE
16,16,20,14,7,PRSE,center,,NA,NA,NA,NA,NA,NA,NA,NA,15.7,NA,-25.83,6.02,3.78,0.28,14.11,G-86540,plate1_A2,NA,FALSE
15,15,7,14,7,PRSE,edge,,-30.59,47.92,-1.34,2.63,1.882,G-86270,"plate 1, D3",NA,4.8,NA,-27.77,23.01,4.06,1.11,14.63,G-86546,plate1_A8,NA,FALSE
13,13,9,14,7,PRSE,edge,,NA,NA,NA,NA,NA,NA,NA,NA,10.2,NA,-25.09,10.62,3.25,0.5,13.49,G-86588,plate1_E2,NA,FALSE
25,25,9,14,7,QURU,center,,-32.87,47.56,1.13,3.08,2.157,G-86325,"plate 1, H10",NA,17.2,NA,-24.68,9.27,3.68,0.42,14.22,G-86569,plate1_C7,NA,FALSE
26,26,20,14,7,QURU,center,,NA,NA,NA,NA,NA,NA,NA,NA,15.8,NA,-24.11,5.76,3.47,0.26,13.75,G-86568,plate1_C6,NA,FALSE
27,27,13,14,7,QURU,edge,,-31.1,47.46,2.22,2.17,1.918,G-86284,"plate 1, E5",NA,7.9,NA,-25.84,13.62,1.51,0.66,13.96,G-86555,plate1_B5,NA,FALSE
28,28,17,14,7,QURU,edge,,-28.47,48.47,5.26,2.77,3.105,G-86324,"plate 1, H9",NA,8.4,NA,-26.59,24.31,3.26,0.99,14.07,G-86556,plate1_B6,NA,FALSE
29,29,8,14,7,TIAM,center,,NA,NA,NA,NA,NA,NA,NA,NA,17.8,NA,-24.14,8.05,4.01,0.38,13.68,G-86552,plate1_B2,NA,FALSE
30,30,10,14,7,TIAM,center,,NA,NA,NA,NA,NA,NA,NA,NA,13.5,NA,-25.28,5.53,4.2,0.23,13.84,G-86543,plate1_A5,NA,FALSE
32,32,3,14,7,TIAM,edge,,NA,NA,NA,NA,NA,NA,NA,NA,7.4,NA,-26.07,19.52,3.04,1.01,14.39,G-86551,plate1_B1,NA,FALSE
31,31,18,14,7,TIAM,edge,,NA,NA,NA,NA,NA,NA,NA,NA,6.8,NA,-26.78,8.05,3.43,0.3,14.27,G-86539,plate1_A1,NA,FALSE
NA,NA,/,1-Aug,NA,CACO,NA,,-30.27,45.62,1.31,1.55,2.518,G-86435,"plate 3, A12",NA,NA,NA,NA,NA,NA,NA,NA,NA,NA,NA,NA
NA,NA,/,1-Aug,NA,CACO,NA,,-30.64,46.2,1.05,1.38,2.728,G-86436,"plate 3, B1",NA,NA,NA,NA,NA,NA,NA,NA,NA,NA,NA,NA
NA,NA,10_5,ACSA,NA,NA,NA,,-29.66,50.56,-0.46,1.68,2.775,G-86488,"plate 3, F5",NA,NA,NA,NA,NA,NA,NA,NA,NA,NA,NA,NA
NA,NA,10_5,E,NA,NA,NA,,-29.37,48.53,5.32,2.83,2.297,G-86242,"plate 1, A11",NA,NA,NA,NA,NA,NA,NA,NA,NA,NA,NA,NA
23,23,NA,NA,NA,NA,NA,,NA,NA,NA,NA,NA,NA,NA,NA,NA,NA,-22.51,7.92,4.64,0.31,14.14,G-86554,plate1_B4,NA,FALSE
39,39,NA,NA,NA,NA,NA,,NA,NA,NA,NA,NA,NA,NA,NA,NA,NA,-26.32,13.97,2.39,0.71,14.15,G-86614,plate1_G4,NA,FALSE